,AZ_SOLVENT_ID,CAS_ID,Preferred Name,MELTING POINT,BOILING POINT,DENSITY,MISCIBILITY,ICH CLASS,ACID,ALCOHOL,ALKENE,AMIDE,AMINE,ANHYDRIDE,ANILINES,AROMATIC,CARBONATE,CHLORO,ESTER,ETHER,FLUORO,HALOGEN,HETEROAROMATIC AMINES,HYDROCARBON,KETONE ALDEHYDE,NITRILE,NITRO,NITROGEN BASES,OTHER,PHOSPHORUS CONTAINING,PRIMARY AMIDE,PRIMARY AMINE,SECONDARY AMIDE,SECONDARY AMINE,SILICONE,SULFIDE,SULFITE,SULFONE,SULFOXIDE,SULFUR CONTAINING,TERTIARY AMIDE,TERTIARY AMINE,UREA
0,1.0,71-55-6,"1,1,1-Trichloroethane",-30.4,74.1,1.339,N,1,N,N,N,N,N,N,N,N,N,Y,N,N,N,Y,N,N,N,N,N,N,N,N,N,N,N,N,N,N,N,N,N,N,N,N,N
1,2.0,632-22-4,"1,1,3,3-Tetramethylurea",-1.2,175.2,0.962,Y,,N,N,N,N,N,N,N,N,N,N,N,N,N,N,N,N,N,N,N,N,N,N,N,N,N,N,N,N,N,N,N,N,N,N,Y
2,3.0,75-34-3,"1,1-Dichloroethane",-97,57.3,1.168,N,,N,N,N,N,N,N,N,N,N,Y,N,N,N,Y,N,N,N,N,N,N,N,N,N,N,N,N,N,N,N,N,N,N,N,N,N
3,4.0,75-35-4,"1,1-Dichloroethene",-122.6,31.6,1.175,N,1,N,N,Y,N,N,N,N,N,N,Y,N,N,N,Y,N,N,N,N,N,N,N,N,N,N,N,N,N,N,N,N,N,N,N,N,N
4,5.0,107-15-3,"1,2-Diaminoethane",11.1,117,0.899,Y,,N,N,N,N,Y,N,N,N,N,N,N,N,N,N,N,N,N,N,N,Y,N,N,N,Y,N,N,N,N,N,N,N,N,N,N,N
5,6.0,95-50-1,"1,2-Dichlorobenzene",-17,180.5,1.3,N,,N,N,N,N,N,N,N,Y,N,Y,N,N,N,Y,N,N,N,N,N,N,N,N,N,N,N,N,N,N,N,N,N,N,N,N,N
6,7.0,107-06-2,"1,2-Dichloroethane",-35.7,83.7,1.246,N,1,N,N,N,N,N,N,N,N,N,Y,N,N,N,Y,N,N,N,N,N,N,N,N,N,N,N,N,N,N,N,N,N,N,N,N,N
7,8.0,110-71-4,DME,-69,84.5,0.864,Y,2,N,N,N,N,N,N,N,N,N,N,N,Y,N,N,N,N,N,N,N,N,N,N,N,N,N,N,N,N,N,N,N,N,N,N,N
8,9.0,107-21-1,Ethylene glycol,-13,197.2,1.109,Y,2,N,Y,N,N,N,N,N,N,N,N,N,N,N,N,N,N,N,N,N,N,N,N,N,N,N,N,N,N,N,N,N,N,N,N,N
9,10.0,108-67-8,Mesitylene,-44.7,164.7,0.861,N,,N,N,N,N,N,N,N,Y,N,N,N,N,N,N,N,N,N,N,N,N,N,N,N,N,N,N,N,N,N,N,N,N,N,N,N
10,11.0,106-42-3,p-Xylene,13.3,138.4,0.857,N,2,N,N,N,N,N,N,N,Y,N,N,N,N,N,N,N,N,N,N,N,N,N,N,N,N,N,N,N,N,N,N,N,N,N,N,N
11,12.0,123-91-1,"1,4-Dioxane",11.8,101.3,1.028,Y,2,N,N,N,N,N,N,N,N,N,N,N,Y,N,N,N,N,N,N,N,N,N,N,N,N,N,N,N,N,N,N,N,N,N,N,N
12,13.0,872-50-4,NMP,-24.4,202,1.026,Y,2,N,N,N,Y,N,N,N,N,N,N,N,N,N,N,N,N,N,N,N,N,N,N,N,N,N,N,N,N,N,N,N,N,Y,N,N
13,14.0,565-80-0,"2,4-Dimethyl-3-pentanone",-69,125.3,0.799,N,,N,N,N,N,N,N,N,N,N,N,N,N,N,N,N,N,Y,N,N,N,N,N,N,N,N,N,N,N,N,N,N,N,N,N,N
14,15.0,108-83-8,"2,6-Dimethyl-4-heptanone",-46,168.4,0.805,N,,N,N,N,N,N,N,N,N,N,N,N,N,N,N,N,N,Y,N,N,N,N,N,N,N,N,N,N,N,N,N,N,N,N,N,N
15,16.0,141-43-5,Ethanolamine,10.5,170.4,1.018,Y,,N,Y,N,N,Y,N,N,N,N,N,N,N,N,N,N,N,N,N,N,Y,N,N,N,Y,N,N,N,N,N,N,N,N,N,N,N
16,17.0,109-86-4,Methyl cellosolve,-85.1,124.5,0.965,,2,N,Y,N,N,N,N,N,N,N,N,N,Y,N,N,N,N,N,N,N,N,N,N,N,N,N,N,N,N,N,N,N,N,N,N,N
17,18.0,107-83-5,iso-Hexane,-153.6,60.3,0.65,N,,N,N,N,N,N,N,N,N,N,N,N,N,N,N,N,Y,N,N,N,N,N,N,N,N,N,N,N,N,N,N,N,N,N,N,N
18,19.0,96-47-9,2-MeTHF,-136,80,0.86,N,,N,N,N,N,N,N,N,N,N,N,N,Y,N,N,N,N,N,N,N,N,N,N,N,N,N,N,N,N,N,N,N,N,N,N,N
19,20.0,75-85-4,tert-Amyl Alcohol,-8.8,102.2,0.806,N,,N,Y,N,N,N,N,N,N,N,N,N,N,N,N,N,N,N,N,N,N,N,N,N,N,N,N,N,N,N,N,N,N,N,N,N
20,21.0,78-83-1,iso-Butanol,-108,107.8,0.794,N,3,N,Y,N,N,N,N,N,N,N,N,N,N,N,N,N,N,N,N,N,N,N,N,N,N,N,N,N,N,N,N,N,N,N,N,N
21,22.0,75-65-0,tert-Butanol,25.6,82.3,0.789,N,2,N,Y,N,N,N,N,N,N,N,N,N,N,N,N,N,N,N,N,N,N,N,N,N,N,N,N,N,N,N,N,N,N,N,N,N
22,23.0,75-97-8,Methyl tert-butyl ketone,-49.8,106.5,0.801,N,,N,N,N,N,N,N,N,N,N,N,N,N,N,N,N,N,Y,N,N,N,N,N,N,N,N,N,N,N,N,N,N,N,N,N,N
23,24.0,563-80-4,Methyl iso-propyl ketone,-92,94.2,0.805,N,,N,N,N,N,N,N,N,N,N,N,N,N,N,N,N,N,Y,N,N,N,N,N,N,N,N,N,N,N,N,N,N,N,N,N,N
24,25.0,123-51-3,iso-Amyl alcohol,-117.2,130.8,0.809,N,3,N,Y,N,N,N,N,N,N,N,N,N,N,N,N,N,N,N,N,N,N,N,N,N,N,N,N,N,N,N,N,N,N,N,N,N
25,26.0,108-10-1,Methyl iso-butyl ketone,-84.7,116.2,0.798,N,2,N,N,N,N,N,N,N,N,N,N,N,N,N,N,N,N,Y,N,N,N,N,N,N,N,N,N,N,N,N,N,N,N,N,N,N
26,27.0,64-19-7,Acetic acid,16.7,117.9,1.049,Y,3,Y,N,N,N,N,N,N,N,N,N,N,N,N,N,N,N,N,N,N,N,N,N,N,N,N,N,N,N,N,N,N,N,N,N,N
27,28.0,108-24-7,Acetic anhydride,-73.1,139,1.082,Y,,N,N,N,N,N,Y,N,N,N,N,N,N,N,N,N,N,N,N,N,N,N,N,N,N,N,N,N,N,N,N,N,N,N,N,N
28,29.0,67-64-1,Acetone,-94.7,56.1,0.784,Y,3,N,N,N,N,N,N,N,N,N,N,N,N,N,N,N,N,Y,N,N,N,N,N,N,N,N,N,N,N,N,N,N,N,N,N,N
29,30.0,75-05-8,Acetonitrile,-43.8,81.6,0.776,Y,2,N,N,N,N,N,N,N,N,N,N,N,N,N,N,N,N,N,Y,N,N,N,N,N,N,N,N,N,N,N,N,N,N,N,N,N
30,31.0,98-86-2,Acetophenone,19.6,201.6,1.028,N,,N,N,N,N,N,N,N,Y,N,N,N,N,N,N,N,N,Y,N,N,N,N,N,N,N,N,N,N,N,N,N,N,N,N,N,N
31,32.0,62-53-3,Aniline,-6,184.4,1.022,N,,N,N,N,N,N,N,Y,Y,N,N,N,N,N,N,N,N,N,N,N,Y,N,N,N,N,N,N,N,N,N,N,N,N,N,N,N
32,33.0,100-66-3,Anisole,-37.5,152,0.989,N,3,N,N,N,N,N,N,N,Y,N,N,N,Y,N,N,N,N,N,N,N,N,N,N,N,N,N,N,N,N,N,N,N,N,N,N,N
33,34.0,71-43-2,Benzene,5.5,80.1,0.879,N,1,N,N,N,N,N,N,N,Y,N,N,N,N,N,N,N,N,N,N,N,N,N,N,N,N,N,N,N,N,N,N,N,N,N,N,N
34,35.0,100-47-0,Benzonitrile,-12.8,190.7,1.001,N,,N,N,N,N,N,N,N,Y,N,N,N,N,N,N,N,N,N,Y,N,N,N,N,N,N,N,N,N,N,N,N,N,N,N,N,N
35,36.0,98-08-8,Benzotrifluoride,-29,102.1,1.18,N,,N,N,N,N,N,N,N,Y,N,N,N,N,Y,Y,N,N,N,N,N,N,N,N,N,N,N,N,N,N,N,N,N,N,N,N,N
36,37.0,100-51-6,Benzyl alcohol,-15.3,204.8,1.042,N,,N,Y,N,N,N,N,N,Y,N,N,N,N,N,N,N,N,N,N,N,N,N,N,N,N,N,N,N,N,N,N,N,N,N,N,N
37,38.0,108-86-1,Bromobenzene,-30.8,155.9,1.488,N,,N,N,N,N,N,N,N,Y,N,N,N,N,N,Y,N,N,N,N,N,N,N,N,N,N,N,N,N,N,N,N,N,N,N,N,N
38,39.0,71-36-3,1-Butanol,-88.6,117.7,0.81,N,3,N,Y,N,N,N,N,N,N,N,N,N,N,N,N,N,N,N,N,N,N,N,N,N,N,N,N,N,N,N,N,N,N,N,N,N
39,40.0,78-92-2,2-Butanol,-114.7,99.5,0.808,N,3,N,Y,N,N,N,N,N,N,N,N,N,N,N,N,N,N,N,N,N,N,N,N,N,N,N,N,N,N,N,N,N,N,N,N,N
40,41.0,78-93-3,Butanone,-86.7,79.6,0.805,N,3,N,N,N,N,N,N,N,N,N,N,N,N,N,N,N,N,Y,N,N,N,N,N,N,N,N,N,N,N,N,N,N,N,N,N,N
41,42.0,109-74-0,Butyronitrile,-111.9,117.5,0.787,N,,N,N,N,N,N,N,N,N,N,N,N,N,N,N,N,N,N,Y,N,N,N,N,N,N,N,N,N,N,N,N,N,N,N,N,N
42,43.0,75-15-0,Carbon Disulfide,-111.6,46.2,1.263,N,,N,N,N,N,N,N,N,N,N,N,N,N,N,N,N,N,N,N,N,N,Y,N,N,N,N,N,N,N,N,N,N,N,N,N,N
43,44.0,108-90-7,Chlorobenzene,-45.6,131.7,1.106,N,2,N,N,N,N,N,N,N,Y,N,Y,N,N,N,Y,N,N,N,N,N,N,N,N,N,N,N,N,N,N,N,N,N,N,N,N,N
44,45.0,67-66-3,Chloroform,-63.2,61.2,1.48,N,2,N,N,N,N,N,N,N,N,N,Y,N,N,N,Y,N,N,N,N,N,N,N,N,N,N,N,N,N,N,N,N,N,N,N,N,N
45,46.0,493-01-6,cis-Decalin,-43,195.8,0.897,N,,N,N,N,N,N,N,N,N,N,N,N,N,N,N,N,Y,N,N,N,N,N,N,N,N,N,N,N,N,N,N,N,N,N,N,N
46,47.0,110-82-7,Cyclohexane,6.7,80.7,0.778,N,2,N,N,N,N,N,N,N,N,N,N,N,N,N,N,N,Y,N,N,N,N,N,N,N,N,N,N,N,N,N,N,N,N,N,N,N
47,48.0,108-93-0,Cyclohexanol,25.2,161.1,0.964,N,,N,Y,N,N,N,N,N,N,N,N,N,N,N,N,N,N,N,N,N,N,N,N,N,N,N,N,N,N,N,N,N,N,N,N,N
48,49.0,108-94-1,Cyclohexanone,-32.1,155.8,0.948,Y,,N,N,N,N,N,N,N,N,N,N,N,N,N,N,N,N,Y,N,N,N,N,N,N,N,N,N,N,N,N,N,N,N,N,N,N
49,50.0,5614-37-9,CPME,-140,106,0.86,N,2,N,N,N,N,N,N,N,N,N,N,N,Y,N,N,N,N,N,N,N,N,N,N,N,N,N,N,N,N,N,N,N,N,N,N,N
50,51.0,124-18-5,Decane,-29.6,172.5,0.726,N,,N,N,N,N,N,N,N,N,N,N,N,N,N,N,N,Y,N,N,N,N,N,N,N,N,N,N,N,N,N,N,N,N,N,N,N
51,52.0,75-09-2,DCM,-94.9,39.7,1.317,N,2,N,N,N,N,N,N,N,N,N,Y,N,N,N,Y,N,N,N,N,N,N,N,N,N,N,N,N,N,N,N,N,N,N,N,N,N
52,53.0,60-29-7,Diethyl ether,-116.3,34.7,0.708,N,3,N,N,N,N,N,N,N,N,N,N,N,Y,N,N,N,N,N,N,N,N,N,N,N,N,N,N,N,N,N,N,N,N,N,N,N
53,54.0,109-89-7,Diethylamine,-49.8,55.6,0.702,N,,N,N,N,N,Y,N,N,N,N,N,N,N,N,N,N,N,N,N,N,Y,N,N,N,N,N,Y,N,N,N,N,N,N,N,N,N
54,55.0,105-58-8,Diethyl carbonate,-43,126.5,0.969,N,,N,N,N,N,N,N,N,N,Y,N,N,N,N,N,N,N,N,N,N,N,N,N,N,N,N,N,N,N,N,N,N,N,N,N,N
55,56.0,111-46-6,Diethylene Glycol,-7.8,245.7,1.109,Y,,N,Y,N,N,N,N,N,N,N,N,N,Y,N,N,N,N,N,N,N,N,N,N,N,N,N,N,N,N,N,N,N,N,N,N,N
56,57.0,112-36-7,Diethyleneglycol diethyl ether,-44.3,189.3,0.906,,,N,N,N,N,N,N,N,N,N,N,N,Y,N,N,N,N,N,N,N,N,N,N,N,N,N,N,N,N,N,N,N,N,N,N,N
57,58.0,111-96-6,Diglyme,-64,159.8,0.938,Y,,N,N,N,N,N,N,N,N,N,N,N,Y,N,N,N,N,N,N,N,N,N,N,N,N,N,N,N,N,N,N,N,N,N,N,N
58,59.0,75-11-6,Diiodomethane,6.1,182,3.308,N,,N,N,N,N,N,N,N,N,N,N,N,N,N,Y,N,N,N,N,N,N,N,N,N,N,N,N,N,N,N,N,N,N,N,N,N
59,60.0,108-20-3,Di-iso-propylether,-85.5,68.3,0.719,N,,N,N,N,N,N,N,N,N,N,N,N,Y,N,N,N,N,N,N,N,N,N,N,N,N,N,N,N,N,N,N,N,N,N,N,N
60,61.0,67-68-5,DMSO,18.5,189,1.095,Y,3,N,N,N,N,N,N,N,N,N,N,N,N,N,N,N,N,N,N,N,N,N,N,N,N,N,N,N,N,N,N,Y,Y,N,N,N
61,62.0,142-96-1,Di-n-butylether,-95.2,142,0.742,N,,N,N,N,N,N,N,N,N,N,N,N,Y,N,N,N,N,N,N,N,N,N,N,N,N,N,N,N,N,N,N,N,N,N,N,N
62,63.0,111-43-3,Di-n-propylether,-123.2,90.1,0.736,N,,N,N,N,N,N,N,N,N,N,N,N,Y,N,N,N,N,N,N,N,N,N,N,N,N,N,N,N,N,N,N,N,N,N,N,N
63,64.0,101-84-8,Diphenyl Ether,26.9,258.4,1.075,N,,N,N,N,N,N,N,N,Y,N,N,N,Y,N,N,N,N,N,N,N,N,N,N,N,N,N,N,N,N,N,N,N,N,N,N,N
64,65.0,64-17-5,Ethanol,-114.5,78.3,0.785,Y,3,N,Y,N,N,N,N,N,N,N,N,N,N,N,N,N,N,N,N,N,N,N,N,N,N,N,N,N,N,N,N,N,N,N,N,N
65,66.0,141-78-6,Ethyl acetate,-83.6,77.2,0.895,N,3,N,N,N,N,N,N,N,N,N,N,Y,N,N,N,N,N,N,N,N,N,N,N,N,N,N,N,N,N,N,N,N,N,N,N,N
66,67.0,103-73-1,Ethoxybenzene,-29.5,169.8,0.96,N,,N,N,N,N,N,N,N,Y,N,N,N,Y,N,N,N,N,N,N,N,N,N,N,N,N,N,N,N,N,N,N,N,N,N,N,N
67,68.0,462-06-6,Fluorobenzene,-42.2,85.3,1.023,N,,N,N,N,N,N,N,N,Y,N,N,N,N,Y,Y,N,N,N,N,N,N,N,N,N,N,N,N,N,N,N,N,N,N,N,N,N
68,69.0,75-12-7,Formamide,2.6,210,1.133,Y,2,N,N,N,Y,N,N,N,N,N,N,N,N,N,N,N,N,N,N,N,N,N,N,Y,N,N,N,N,N,N,N,N,N,N,N,N
69,70.0,64-18-6,Formic acid,8.4,100,1.22,Y,3,Y,N,N,N,N,N,N,N,N,N,N,N,N,N,N,N,N,N,N,N,N,N,N,N,N,N,N,N,N,N,N,N,N,N,N
70,71.0,56-81-5,Glycerol,18.2,290.1,1.26,Y,,N,Y,N,N,N,N,N,N,N,N,N,N,N,N,N,N,N,N,N,N,N,N,N,N,N,N,N,N,N,N,N,N,N,N,N
71,72.0,680-31-9,HMPA,7,233,1.024,Y,,N,N,N,N,N,N,N,N,N,N,N,N,N,N,N,N,N,N,N,N,N,Y,N,N,N,N,N,N,N,N,N,N,N,N,N
72,73.0,591-50-4,Iodobenzene,-31.4,188.3,1.831,N,,N,N,N,N,N,N,N,Y,N,N,N,N,N,Y,N,N,N,N,N,N,N,N,N,N,N,N,N,N,N,N,N,N,N,N,N
73,74.0,110-19-0,iso-Butyl acetate,-98.9,117.3,0.87,N,3,N,N,N,N,N,N,N,N,N,N,Y,N,N,N,N,N,N,N,N,N,N,N,N,N,N,N,N,N,N,N,N,N,N,N,N
74,75.0,108-21-4,iso-Propyl acetate,-73.4,88.5,0.87,N,3,N,N,N,N,N,N,N,N,N,N,Y,N,N,N,N,N,N,N,N,N,N,N,N,N,N,N,N,N,N,N,N,N,N,N,N
75,76.0,67-56-1,Methanol,-97.7,64.5,0.791,Y,2,N,Y,N,N,N,N,N,N,N,N,N,N,N,N,N,N,N,N,N,N,N,N,N,N,N,N,N,N,N,N,N,N,N,N,N
76,77.0,79-20-9,Methyl acetate,-98.1,57,0.928,Y,3,N,N,N,N,N,N,N,N,N,N,Y,N,N,N,N,N,N,N,N,N,N,N,N,N,N,N,N,N,N,N,N,N,N,N,N
77,78.0,110-91-8,Morpholine,-4.8,128.2,0.995,Y,,N,N,N,N,Y,N,N,N,N,N,N,Y,N,N,N,N,N,N,N,Y,N,N,N,N,N,Y,N,N,N,N,N,N,N,N,N
78,79.0,127-19-5,DMA,-20,166.1,0.937,Y,2,N,N,N,Y,N,N,N,N,N,N,N,N,N,N,N,N,N,N,N,N,N,N,N,N,N,N,N,N,N,N,N,N,Y,N,N
79,80.0,68-12-2,DMF,-60.4,153,0.945,Y,2,N,N,N,Y,N,N,N,N,N,N,N,N,N,N,N,N,N,N,N,N,N,N,N,N,N,N,N,N,N,N,N,N,Y,N,N
80,81.0,123-86-4,n-Butyl acetate,-73.5,125.9,0.876,N,3,N,N,N,N,N,N,N,N,N,N,Y,N,N,N,N,N,N,N,N,N,N,N,N,N,N,N,N,N,N,N,N,N,N,N,N
81,82.0,142-82-5,n-Heptane,-90.6,98.4,0.679,N,3,N,N,N,N,N,N,N,N,N,N,N,N,N,N,N,Y,N,N,N,N,N,N,N,N,N,N,N,N,N,N,N,N,N,N,N
82,83.0,110-54-3,n-Hexane,-95.3,68.7,0.655,N,2,N,N,N,N,N,N,N,N,N,N,N,N,N,N,N,Y,N,N,N,N,N,N,N,N,N,N,N,N,N,N,N,N,N,N,N
83,84.0,98-95-3,Nitrobenzene,5.8,210,1.198,N,,N,N,N,N,N,N,N,Y,N,N,N,N,N,N,N,N,N,N,Y,N,N,N,N,N,N,N,N,N,N,N,N,N,N,N,N
84,85.0,75-52-5,Nitromethane,-28.6,101.2,1.131,Y,2,N,N,N,N,N,N,N,N,N,N,N,N,N,N,N,N,N,N,Y,N,N,N,N,N,N,N,N,N,N,N,N,N,N,N,N
85,86.0,79-16-3,N-Methylacetamide,28,205,0.957,Y,,N,N,N,Y,N,N,N,N,N,N,N,N,N,N,N,N,N,N,N,N,N,N,N,N,Y,N,N,N,N,N,N,N,N,N,N
86,87.0,123-39-7,N-Methylformamide,-3.8,182,1.01,Y,,N,N,N,Y,N,N,N,N,N,N,N,N,N,N,N,N,N,N,N,N,N,N,N,N,Y,N,N,N,N,N,N,N,N,N,N
87,88.0,111-84-2,n-Nonane,-53.5,148.8,0.714,N,,N,N,N,N,N,N,N,N,N,N,N,N,N,N,N,Y,N,N,N,N,N,N,N,N,N,N,N,N,N,N,N,N,N,N,N
88,89.0,111-65-9,n-Octane,-56.8,123,0.699,N,,N,N,N,N,N,N,N,N,N,N,N,N,N,N,N,Y,N,N,N,N,N,N,N,N,N,N,N,N,N,N,N,N,N,N,N
89,90.0,109-66-0,n-Pentane,-129.7,36.1,0.621,N,3,N,N,N,N,N,N,N,N,N,N,N,N,N,N,N,Y,N,N,N,N,N,N,N,N,N,N,N,N,N,N,N,N,N,N,N
90,91.0,71-41-0,1-Pentanol,-78.2,138,0.814,N,3,N,Y,N,N,N,N,N,N,N,N,N,N,N,N,N,N,N,N,N,N,N,N,N,N,N,N,N,N,N,N,N,N,N,N,N
91,92.0,6032-29-7,2-Pentanol,-73.2,119,0.81,N,,N,Y,N,N,N,N,N,N,N,N,N,N,N,N,N,N,N,N,N,N,N,N,N,N,N,N,N,N,N,N,N,N,N,N,N
92,93.0,107-87-9,2-Pentanone,-76.9,102.3,0.802,N,,N,N,N,N,N,N,N,N,N,N,N,N,N,N,N,N,Y,N,N,N,N,N,N,N,N,N,N,N,N,N,N,N,N,N,N
93,94.0,584-02-1,3-Pentanol,-75,115.3,0.821,N,,N,Y,N,N,N,N,N,N,N,N,N,N,N,N,N,N,N,N,N,N,N,N,N,N,N,N,N,N,N,N,N,N,N,N,N
94,95.0,96-22-0,3-Pentanone,-39,102,0.809,N,,N,N,N,N,N,N,N,N,N,N,N,N,N,N,N,N,Y,N,N,N,N,N,N,N,N,N,N,N,N,N,N,N,N,N,N
95,96.0,110-89-4,Piperidine,-10.5,106.5,0.857,N,,N,N,N,N,Y,N,N,N,N,N,N,N,N,N,N,N,N,N,N,Y,N,N,N,N,N,Y,N,N,N,N,N,N,N,N,N
96,97.0,71-23-8,1-Propanol,-126.2,97.2,0.804,Y,3,N,Y,N,N,N,N,N,N,N,N,N,N,N,N,N,N,N,N,N,N,N,N,N,N,N,N,N,N,N,N,N,N,N,N,N
97,98.0,67-63-0,2-Propanol,-88,82.4,0.786,Y,3,N,Y,N,N,N,N,N,N,N,N,N,N,N,N,N,N,N,N,N,N,N,N,N,N,N,N,N,N,N,N,N,N,N,N,N
98,99.0,79-09-4,Propanoic acid,-20.7,140.8,0.99,Y,,Y,N,N,N,N,N,N,N,N,N,N,N,N,N,N,N,N,N,N,N,N,N,N,N,N,N,N,N,N,N,N,N,N,N,N
99,100.0,107-12-0,Proprionitrile,-92.8,97.4,0.777,N,,N,N,N,N,N,N,N,N,N,N,N,N,N,N,N,N,N,Y,N,N,N,N,N,N,N,N,N,N,N,N,N,N,N,N,N
100,101.0,110-86-1,Pyridine,-41.6,115.3,0.978,N,2,N,N,N,N,N,N,N,Y,N,N,N,N,N,N,Y,N,N,N,N,Y,N,N,N,N,N,N,N,N,N,N,N,N,N,N,N
101,102.0,91-22-5,Quinoline,-14.9,237.7,1.093,N,,N,N,N,N,N,N,N,Y,N,N,N,N,N,N,Y,N,N,N,N,Y,N,N,N,N,N,N,N,N,N,N,N,N,N,N,N
102,103.0,126-33-0,Sulfolane,28.5,287.3,1.264,Y,2,N,N,N,N,N,N,N,N,N,N,N,N,N,N,N,N,N,N,N,N,N,N,N,N,N,N,N,N,N,Y,N,Y,N,N,N
103,104.0,1634-04-4,MTBE,-108.6,55.2,0.735,N,3,N,N,N,N,N,N,N,N,N,N,N,Y,N,N,N,N,N,N,N,N,N,N,N,N,N,N,N,N,N,N,N,N,N,N,N
104,105.0,127-18-4,Tetrachloroethene,-22.4,119.1,1.614,N,,N,N,Y,N,N,N,N,N,N,Y,N,N,N,Y,N,N,N,N,N,N,N,N,N,N,N,N,N,N,N,N,N,N,N,N,N
105,106.0,56-23-5,Carbon tetrachloride,-22.8,76.5,1.584,N,1,N,N,N,N,N,N,N,N,N,Y,N,N,N,Y,N,N,N,N,N,N,N,N,N,N,N,N,N,N,N,N,N,N,N,N,N
106,107.0,112-60-7,Tetraethylene glycol,-6.2,327.3,1.129,Y,,N,Y,N,N,N,N,N,N,N,N,N,Y,N,N,N,N,N,N,N,N,N,N,N,N,N,N,N,N,N,N,N,N,N,N,N
107,108.0,109-99-9,THF,-108.4,67,0.881,Y,2,N,N,N,N,N,N,N,N,N,N,N,Y,N,N,N,N,N,N,N,N,N,N,N,N,N,N,N,N,N,N,N,N,N,N,N
108,109.0,119-64-2,Tetralin,-35.8,205.6,0.966,N,2,N,N,N,N,N,N,N,Y,N,N,N,N,N,N,N,N,N,N,N,N,N,N,N,N,N,N,N,N,N,N,N,N,N,N,N
109,110.0,108-88-3,Toluene,-95,110.6,0.862,N,2,N,N,N,N,N,N,N,Y,N,N,N,N,N,N,N,N,N,N,N,N,N,N,N,N,N,N,N,N,N,N,N,N,N,N,N
110,111.0,102-82-9,Tributylamine,-70,213.4,0.774,N,,N,N,N,N,Y,N,N,N,N,N,N,N,N,N,N,N,N,N,N,Y,N,N,N,N,N,N,N,N,N,N,N,N,N,Y,N
111,112.0,79-01-6,Trichloroethene,-86.4,87.1,1.464,N,2,N,N,Y,N,N,N,N,N,N,Y,N,N,N,Y,N,N,N,N,N,N,N,N,N,N,N,N,N,N,N,N,N,N,N,N,N
112,113.0,121-44-8,Triethylamine,-114.7,89.5,0.728,N,3,N,N,N,N,Y,N,N,N,N,N,N,N,N,N,N,N,N,N,N,Y,N,N,N,N,N,N,N,N,N,N,N,N,N,Y,N
113,114.0,112-27-6,Triethylene glycol,-4.3,288,1.125,Y,,N,Y,N,N,N,N,N,N,N,N,N,Y,N,N,N,N,N,N,N,N,N,N,N,N,N,N,N,N,N,N,N,N,N,N,N
114,115.0,112-49-2,Triglyme,-43.8,216,0.98,Y,,N,N,N,N,N,N,N,N,N,N,N,Y,N,N,N,N,N,N,N,N,N,N,N,N,N,N,N,N,N,N,N,N,N,N,N
115,116.0,7732-18-5,Water,0,100,1,Y,,N,N,N,N,N,N,N,N,N,N,N,N,N,N,N,N,N,N,N,N,Y,N,N,N,N,N,N,N,N,N,N,N,N,N,N
116,117.0,121-69-7,"N,N-Dimethylaniline",2,193,0.952,N,,N,N,N,N,N,N,Y,Y,N,N,N,N,N,N,N,N,N,N,N,Y,N,N,N,N,N,N,N,N,N,N,N,N,N,N,N
117,118.0,108-87-2,Methylcyclohexane,-126.6,100.9,0.765,N,2,N,N,N,N,N,N,N,N,N,N,N,N,N,N,N,Y,N,N,N,N,N,N,N,N,N,N,N,N,N,N,N,N,N,N,N
118,119.0,7226-23-5,DMPU,-23,244.6,1.056,Y,,N,N,N,N,N,N,N,N,N,N,N,N,N,N,N,N,N,N,N,N,N,N,N,N,N,N,N,N,N,N,N,N,N,N,Y
119,120.0,80-73-9,"1,3-Dimethylimidazolidin-2-one",8,225,1.058,Y,,N,N,N,N,N,N,N,N,N,N,N,N,N,N,N,N,N,N,N,N,N,N,N,N,N,N,N,N,N,N,N,N,N,N,Y
120,121.0,2687-91-4,NEP,,97,0.992,Y,,N,N,N,Y,N,N,N,N,N,N,N,N,N,N,N,N,N,N,N,N,N,N,N,N,N,N,N,N,N,N,N,N,Y,N,N
121,122.0,994-05-8,TAME,-80,86.3,0.766,N,,N,N,N,N,N,N,N,N,N,N,N,Y,N,N,N,N,N,N,N,N,N,N,N,N,N,N,N,N,N,N,N,N,N,N,N
122,123.0,646-06-0,"1,3-Dioxolane",,75.6,1.059,Y,,N,N,N,N,N,N,N,N,N,N,N,Y,N,N,N,N,N,N,N,N,N,N,N,N,N,N,N,N,N,N,N,N,N,N,N
123,124.0,97-64-3,Ethyl lactate,-26,154,1.027,N,,N,Y,N,N,N,N,N,N,N,N,Y,N,N,N,N,N,N,N,N,N,N,N,N,N,N,N,N,N,N,N,N,N,N,N,N
124,125.0,7778-85-0,"1,2-Dimethoxypropane",,96,0.855,N,,N,N,N,N,N,N,N,N,N,N,N,Y,N,N,N,N,N,N,N,N,N,N,N,N,N,N,N,N,N,N,N,N,N,N,N
125,126.0,107-98-2,1-Methoxypropan-2-ol,-96.7,120.6,0.92,Y,,N,Y,N,N,N,N,N,N,N,N,N,Y,N,N,N,N,N,N,N,N,N,N,N,N,N,N,N,N,N,N,N,N,N,N,N
126,254.0,107-98-2,,-96.7,120.6,0.92,Y,,N,Y,N,N,N,N,N,N,N,N,N,Y,N,N,N,N,N,N,N,N,N,N,N,N,N,N,N,N,N,N,N,N,N,N,N
127,127.0,108-32-7,Propylene carbonate,-54.5,241.7,1.199,Y,,N,N,N,N,N,N,N,N,Y,N,N,N,N,N,N,N,N,N,N,N,N,N,N,N,N,N,N,N,N,N,N,N,N,N,N
128,128.0,616-38-6,Dimethyl carbonate,4,90.3,1.063,N,,N,N,N,N,N,N,N,N,Y,N,N,N,N,N,N,N,N,N,N,N,N,N,N,N,N,N,N,N,N,N,N,N,N,N,N
129,129.0,5306-85-4,Dimethyl isosorbide,-70,393,1.165,N,,N,N,N,N,N,N,N,N,N,N,N,Y,N,N,N,N,N,N,N,N,N,N,N,N,N,N,N,N,N,N,N,N,N,N,N
130,130.0,1850-14-2,Tetramethoxymethane,-5,114,1.023,N,,N,N,N,N,N,N,N,N,N,N,N,Y,N,N,N,N,N,N,N,N,N,N,N,N,N,N,N,N,N,N,N,N,N,N,N
131,131.0,75-89-8,"2,2,2-Trifluoroethanol",-45,74,1.391,Y,,N,Y,N,N,N,N,N,N,N,N,N,N,Y,Y,N,N,N,N,N,N,N,N,N,N,N,N,N,N,N,N,N,N,N,N,N
132,132.0,78-59-1,"3,5,5-Trimethylcyclohex-2-enone",-8.1,215.3,0.92,N,,N,N,Y,N,N,N,N,N,N,N,N,N,N,N,N,N,Y,N,N,N,N,N,N,N,N,N,N,N,N,N,N,N,N,N,N
133,133.0,583-60-8,2-Methylcyclohexanone,-14,162,0.925,N,,N,N,N,N,N,N,N,N,N,N,N,N,N,N,N,N,Y,N,N,N,N,N,N,N,N,N,N,N,N,N,N,N,N,N,N
134,134.0,111-15-9,2-Ethoxyethyl acetate,-61.7,156.3,0.97,N,,N,N,N,N,N,N,N,N,N,N,Y,Y,N,N,N,N,N,N,N,N,N,N,N,N,N,N,N,N,N,N,N,N,N,N,N
135,135.0,141-97-9,Ethyl 3-oxobutanoate,-39,180.9,1.02,N,,N,N,N,N,N,N,N,N,N,N,Y,Y,N,N,N,N,Y,N,N,N,N,N,N,N,N,N,N,N,N,N,N,N,N,N,N
136,136.0,109-06-8,2-Methylpyridine,-66.7,129.4,0.94,N,,N,N,N,N,N,N,N,Y,N,N,N,N,N,N,Y,N,N,N,N,Y,N,N,N,N,N,N,N,N,N,N,N,N,N,N,N
137,137.0,108-48-5,"2,6-Dimethylpyridine",-6.2,144.1,0.918,N,,N,N,N,N,N,N,N,Y,N,N,N,N,N,N,Y,N,N,N,N,Y,N,N,N,N,N,N,N,N,N,N,N,N,N,N,N
138,138.0,102-71-6,Triethanolamine,21.2,335.4,1.12,Y,,N,Y,N,N,Y,N,N,N,N,N,N,N,N,N,N,N,N,N,N,Y,N,N,N,N,N,N,N,N,N,N,N,N,N,Y,N
139,139.0,4829-4-2,"1,3-Dithiolane",,,,,,,,,,,,,,,,,,,,,,,,,,,,,,,,,,,,,,,,
140,140.0,616-42-2,Dimethyl Sulfite,,126.5,1.207,N,,N,N,N,N,N,N,N,N,N,N,N,N,N,N,N,N,N,N,N,N,N,N,N,N,N,N,N,N,Y,N,N,Y,N,N,N
141,141.0,3741-38-6,"1,3,2-Dioxathiolane-2-oxide",,159,1.429,N,,N,N,N,N,N,N,N,N,N,N,N,N,N,N,N,N,N,N,N,N,N,N,N,N,N,N,N,N,Y,N,N,Y,N,N,N
142,142.0,392-56-3,Perfluorobenzene,5.1,80.3,1.607,N,,N,N,N,N,N,N,N,Y,N,N,N,N,Y,Y,N,N,N,N,N,N,N,N,N,N,N,N,N,N,N,N,N,N,N,N,N
143,143.0,434-64-0,Perfluorotoluene,-66,104,1.666,N,,N,N,N,N,N,N,N,Y,N,N,N,N,Y,Y,N,N,N,N,N,N,N,N,N,N,N,N,N,N,N,N,N,N,N,N,N
144,144.0,60433-11-6,Perfluorodecalin,-10,142,1.937,N,,N,N,N,N,N,N,N,N,N,N,N,N,Y,Y,N,N,N,N,N,N,N,N,N,N,N,N,N,N,N,N,N,N,N,N,N
145,145.0,99-87-6,p-Cymene,-67.9,177.1,0.86,N,,N,N,N,N,N,N,N,Y,N,N,N,N,N,N,N,N,N,N,N,N,N,N,N,N,N,N,N,N,N,N,N,N,N,N,N
146,146.0,541-73-1,"1,3-Dichlorobenzene",-24.8,171.2,1.283,N,,N,N,N,N,N,N,N,Y,N,Y,N,N,N,Y,N,N,N,N,N,N,N,N,N,N,N,N,N,N,N,N,N,N,N,N,N
147,147.0,1600-44-8,Tetrahydrothiophene 1-oxide,,236,1.168,Y,,N,N,N,N,N,N,N,N,N,N,N,N,N,N,N,N,N,N,N,N,N,N,N,N,N,N,N,N,N,N,Y,Y,N,N,N
148,148.0,76-05-1,"2,2,2-Trifluoroacetic Acid",-15.4,71.8,1.54,Y,,Y,N,N,N,N,N,N,N,N,N,N,N,Y,Y,N,N,N,N,N,N,N,N,N,N,N,N,N,N,N,N,N,N,N,N,N
149,149.0,407-25-0,"2,2,2-Trifluoroacetic anhydride",-65,39.5,1.503,Y,,N,N,N,N,N,Y,N,N,N,N,N,N,Y,Y,N,N,N,N,N,N,N,N,N,N,N,N,N,N,N,N,N,N,N,N,N
150,150.0,920-66-1,"1,1,1,3,3,3-Hexafluoropropan-2-ol",-4,57.5,1.596,Y,,N,Y,N,N,N,N,N,N,N,N,N,N,Y,Y,N,N,N,N,N,N,N,N,N,N,N,N,N,N,N,N,N,N,N,N,N
151,151.0,2556-73-2,1-Methylazepan-2-one,,107,1.013,,,N,N,N,Y,N,N,N,N,N,N,N,N,N,N,N,N,N,N,N,N,N,N,N,N,N,N,N,N,N,N,N,N,Y,N,N
152,152.0,2832-49-7,Tetraethylsulfamide,,250,1.037,,,N,N,N,N,N,N,N,N,N,N,N,N,N,N,N,N,N,N,N,N,Y,N,N,N,N,N,N,N,N,N,N,Y,N,N,N
153,155.0,100-79-8,"(2,2-Dimethyl-1,3-dioxolan-4-yl)methanol",-27,189,1.064,Y,,N,Y,N,N,N,N,N,N,N,N,N,Y,N,N,N,N,N,N,N,N,Y,N,N,N,N,N,N,N,N,N,N,N,N,N,N
154,156.0,5989-27-5,D-Limonene,-74.2,176.5,0.84,N,,N,N,Y,N,N,N,N,N,N,N,N,N,N,N,N,N,N,N,N,N,N,N,N,N,N,N,N,N,N,N,N,N,N,N,N
155,157.0,108-29-2,gamma-Valerolactone,-31,207.5,1.103,Y,,N,N,N,N,N,N,N,N,N,N,Y,N,N,N,N,N,N,N,N,N,N,N,N,N,N,N,N,N,N,N,N,N,N,N,N
156,158.0,6674-22-2,DBU,-70,261,1.018,N,,N,N,N,N,N,N,N,N,N,N,N,N,N,N,N,N,N,N,N,Y,N,N,N,N,N,N,N,N,N,N,N,N,N,N,N
157,159.0,7087-68-5,Diispropylethylamine,-50,126.5,0.747,N,,N,N,N,N,Y,N,N,N,N,N,N,N,N,N,N,N,N,N,N,Y,N,N,N,N,N,N,N,N,N,N,N,N,N,Y,N
158,160.0,156-59-2,"(E)-1,2-Dichloroethene",-81.5,60.2,1.276,N,,N,N,Y,N,N,N,N,N,N,Y,N,N,N,Y,N,N,N,N,N,N,N,N,N,N,N,N,N,N,N,N,N,N,N,N,N
159,161.0,156-60-5,"(Z)-1,2-Dichloroethene",-49.4,47.7,1.246,N,2,N,N,Y,N,N,N,N,N,N,Y,N,N,N,Y,N,N,N,N,N,N,N,N,N,N,N,N,N,N,N,N,N,N,N,N,N
160,162.0,110-80-5,2-Ethoxyethanol,-90,135.6,0.93,Y,2,N,Y,N,N,N,N,N,N,N,N,N,Y,N,N,N,N,N,N,N,N,N,N,N,N,N,N,N,N,N,N,N,N,N,N,N
161,163.0,591-78-6,Hexan-2-one,-55.8,127.5,0.807,N,2,N,N,N,N,N,N,N,N,N,N,N,N,N,N,N,N,Y,N,N,N,N,N,N,N,N,N,N,N,N,N,N,N,N,N,N
162,164.0,107-31-3,Methyl formate,-99,31.5,0.967,Y,,N,N,N,N,N,N,N,N,N,N,Y,N,N,N,N,N,N,N,N,N,N,N,N,N,N,N,N,N,N,N,N,N,N,N,N
163,165.0,109-94-4,Ethyl formate,-76.9,54.2,0.915,N,3,N,N,N,N,N,N,N,N,N,N,Y,N,N,N,N,N,N,N,N,N,N,N,N,N,N,N,N,N,N,N,N,N,N,N,N
164,166.0,110-74-7,Propyl formate,-92.9,80.8,0.9,N,,N,N,N,N,N,N,N,N,N,N,Y,N,N,N,N,N,N,N,N,N,N,N,N,N,N,N,N,N,N,N,N,N,N,N,N
165,167.0,592-84-7,Butyl formate,-91.9,106.1,0.89,N,,N,N,N,N,N,N,N,N,N,N,Y,N,N,N,N,N,N,N,N,N,N,N,N,N,N,N,N,N,N,N,N,N,N,N,N
166,168.0,627-93-0,Dimethyl adipate,8,109.5,1.063,N,,N,N,N,N,N,N,N,N,N,N,Y,N,N,N,N,N,N,N,N,N,N,N,N,N,N,N,N,N,N,N,N,N,N,N,N
167,169.0,123-92-2,Isopentyl acetate,-78.5,142.1,0.866,N,,N,N,N,N,N,N,N,N,N,N,Y,N,N,N,N,N,N,N,N,N,N,N,N,N,N,N,N,N,N,N,N,N,N,N,N
168,170.0,142-92-7,Hexyl acetate,-80.9,171.6,0.87,N,,N,N,N,N,N,N,N,N,N,N,Y,N,N,N,N,N,N,N,N,N,N,N,N,N,N,N,N,N,N,N,N,N,N,N,N
169,171.0,111-55-7,"Ethane-1,2-diyl diacetate",-31,190.5,1.1,Y,,N,N,N,N,N,N,N,N,N,N,Y,N,N,N,N,N,N,N,N,N,N,N,N,N,N,N,N,N,N,N,N,N,N,N,N
170,172.0,96-48-0,Butyrolactone,-43.4,204.4,1.125,Y,,N,N,N,N,N,N,N,N,N,N,Y,N,N,N,N,N,N,N,N,N,N,N,N,N,N,N,N,N,N,N,N,N,N,N,N
171,173.0,149-73-5,Trimethyl orthoformate,-53,101.5,0.963,,,N,N,N,N,N,N,N,N,N,N,N,Y,N,N,N,N,N,N,N,N,Y,N,N,N,N,N,N,N,N,N,N,N,N,N,N
172,174.0,122-51-0,Triethyl orthoformate,-61,145,0.891,,,N,N,N,N,N,N,N,N,N,N,N,Y,N,N,N,N,N,N,N,N,Y,N,N,N,N,N,N,N,N,N,N,N,N,N,N
173,175.0,2916-31-6,"2,2-Dimethyl-1,3-dioxolane",,92,0.946,,,N,N,N,N,N,N,N,N,N,N,N,Y,N,N,N,N,N,N,N,N,Y,N,N,N,N,N,N,N,N,N,N,N,N,N,N
174,176.0,123-54-6,Acetylacetone,-23.2,140.4,0.972,Y,,N,N,N,N,N,N,N,N,N,N,N,N,N,N,N,N,Y,N,N,N,N,N,N,N,N,N,N,N,N,N,N,N,N,N,N
175,177.0,1678-91-7,Ethylcyclohexane,-111.3,129.9,0.78,N,,N,N,N,N,N,N,N,N,N,N,N,N,N,N,N,Y,N,N,N,N,N,N,N,N,N,N,N,N,N,N,N,N,N,N,N
176,178.0,628-73-9,Hexanenitrile,-80.3,163.6,0.801,N,,N,N,N,N,N,N,N,N,N,N,N,N,N,N,N,N,N,Y,N,N,N,N,N,N,N,N,N,N,N,N,N,N,N,N,N
177,179.0,628-63-7,n-Pentyl acetate,-70.8,146,0.88,N,,N,N,N,N,N,N,N,N,N,N,Y,N,N,N,N,N,N,N,N,N,N,N,N,N,N,N,N,N,N,N,N,N,N,N,N
178,180.0,554-12-1,Methyl propionate,-87.5,80,0.908,N,,N,N,N,N,N,N,N,N,N,N,Y,N,N,N,N,N,N,N,N,N,N,N,N,N,N,N,N,N,N,N,N,N,N,N,N
179,181.0,623-42-7,Methyl Butyrate,-85.8,102.8,0.891,N,,N,N,N,N,N,N,N,N,N,N,Y,N,N,N,N,N,N,N,N,N,N,N,N,N,N,N,N,N,N,N,N,N,N,N,N
180,182.0,502-56-7,5-Nonanone,-4.8,188.5,0.818,N,,N,N,N,N,N,N,N,N,N,N,N,N,N,N,N,N,Y,N,N,N,N,N,N,N,N,N,N,N,N,N,N,N,N,N,N
181,183.0,496-11-7,Indane,-51.4,178,0.96,N,,N,N,N,N,N,N,N,Y,N,N,N,N,N,N,N,N,N,N,N,N,N,N,N,N,N,N,N,N,N,N,N,N,N,N,N
182,184.0,289-95-2,Pyrimidine,21,123.5,1.079,N,,N,N,N,N,N,N,N,Y,N,N,N,N,N,N,Y,N,N,N,N,Y,N,N,N,N,N,N,N,N,N,N,N,N,N,N,N
183,185.0,289-80-5,Pyridazine,-8,222.6,1.105,N,,N,N,N,N,N,N,N,Y,N,N,N,N,N,N,Y,N,N,N,N,Y,N,N,N,N,N,N,N,N,N,N,N,N,N,N,N
184,186.0,287-92-3,Cyclopentane,-93.8,49.2,0.74,N,,N,N,N,N,N,N,N,N,N,N,N,N,N,N,N,Y,N,N,N,N,N,N,N,N,N,N,N,N,N,N,N,N,N,N,N
185,187.0,143-08-8,1-Nonanol,-5,213.5,0.82,N,,N,Y,N,N,N,N,N,N,N,N,N,N,N,N,N,N,N,N,N,N,N,N,N,N,N,N,N,N,N,N,N,N,N,N,N
186,188.0,142-84-7,Dipropylamine,-63,109.3,0.73,N,,N,N,N,N,Y,N,N,N,N,N,N,N,N,N,N,N,N,N,N,Y,N,N,N,N,N,Y,N,N,N,N,N,N,N,N,N
187,189.0,123-75-1,Pyrrolidine,-57.8,86.6,0.85,Y,,N,N,N,N,Y,N,N,N,N,N,N,N,N,N,N,N,N,N,N,Y,N,N,N,N,N,Y,N,N,N,N,N,N,N,N,N
188,190.0,123-42-2,4-Hydroxy-4-methylpentan-2-one,-47,168.5,0.935,N,,N,Y,N,N,N,N,N,N,N,N,N,N,N,N,N,N,Y,N,N,N,N,N,N,N,N,N,N,N,N,N,N,N,N,N,N
189,191.0,120-92-3,Cyclopentanone,-51.3,130.7,0.944,Y,,N,N,N,N,N,N,N,N,N,N,N,N,N,N,N,N,Y,N,N,N,N,N,N,N,N,N,N,N,N,N,N,N,N,N,N
190,192.0,120-51-4,Benzyl benzoate,19.4,323.5,1.11,N,,N,N,N,N,N,N,N,Y,N,N,Y,N,N,N,N,N,N,N,N,N,N,N,N,N,N,N,N,N,N,N,N,N,N,N,N
191,193.0,111-92-2,Dibutylamine,-62,159.6,0.76,N,,N,N,N,N,Y,N,N,N,N,N,N,N,N,N,N,N,N,N,N,Y,N,N,N,N,N,Y,N,N,N,N,N,N,N,N,N
192,194.0,111-70-6,1-Heptanol,-34,176.2,0.82,N,,N,Y,N,N,N,N,N,N,N,N,N,N,N,N,N,N,N,N,N,N,N,N,N,N,N,N,N,N,N,N,N,N,N,N,N
193,195.0,111-69-3,Hexanedinitrile,2.4,295,0.95,N,,N,N,N,N,N,N,N,N,N,N,N,N,N,N,N,N,N,Y,N,N,N,N,N,N,N,N,N,N,N,N,N,N,N,N,N
194,196.0,111-27-3,1-Hexanol,-44.6,157,0.82,N,,N,Y,N,N,N,N,N,N,N,N,N,N,N,N,N,N,N,N,N,N,N,N,N,N,N,N,N,N,N,N,N,N,N,N,N
195,197.0,110-58-7,n-Pentylamine,-55,104.5,0.75,N,,N,N,N,N,Y,N,N,N,N,N,N,N,N,N,N,N,N,N,N,Y,N,N,N,Y,N,N,N,N,N,N,N,N,N,N,N
196,198.0,110-02-1,Thiophene,-38.1,84.1,1.059,N,,N,N,N,N,N,N,N,Y,N,N,N,N,N,N,N,N,N,N,N,N,N,N,N,N,N,N,N,Y,N,N,N,Y,N,N,N
197,199.0,110-01-0,Tetrahydrothiophene,-96.2,119.2,0.994,N,,N,N,N,N,N,N,N,N,N,N,N,N,N,N,N,N,N,N,N,N,N,N,N,N,N,N,N,Y,N,N,N,Y,N,N,N
198,200.0,110-00-9,Furan,-85.6,31.4,0.931,N,,N,N,N,N,N,N,N,Y,N,N,N,N,N,N,N,N,N,N,N,N,N,N,N,N,N,N,N,N,N,N,N,N,N,N,N
199,201.0,109-97-7,Pyrrole,-23.4,129.9,0.966,N,,N,N,N,N,Y,N,N,Y,N,N,N,N,N,N,N,N,N,N,N,Y,N,N,N,N,N,Y,N,N,N,N,N,N,N,N,N
200,202.0,109-73-9,1-Butylamine,-49.1,77.4,0.73,N,,N,N,N,N,Y,N,N,N,N,N,N,N,N,N,N,N,N,N,N,Y,N,N,N,Y,N,N,N,N,N,N,N,N,N,N,N
201,203.0,109-60-4,n-Propyl acetate,-95,101.6,0.883,N,3,N,N,N,N,N,N,N,N,N,N,Y,N,N,N,N,N,N,N,N,N,N,N,N,N,N,N,N,N,N,N,N,N,N,N,N
202,204.0,108-91-8,Cyclohexylamine,-17.7,134.5,0.862,N,,N,N,N,N,Y,N,N,N,N,N,N,N,N,N,N,N,N,N,N,Y,N,N,N,Y,N,N,N,N,N,N,N,N,N,N,N
203,205.0,108-18-9,Diisopropylamine,-96.3,83.9,0.71,N,,N,N,N,N,Y,N,N,N,N,N,N,N,N,N,N,N,N,N,N,Y,N,N,N,N,N,Y,N,N,N,N,N,N,N,N,N
204,206.0,108-03-2,1-Nitropropane,-104,131.2,1,N,,N,N,N,N,N,N,N,N,N,N,N,N,N,N,N,N,N,N,Y,N,N,N,N,N,N,N,N,N,N,N,N,N,N,N,N
205,207.0,107-92-6,Butyric acid,-5.2,163.3,0.95,N,,Y,N,N,N,N,N,N,N,N,N,N,N,N,N,N,N,N,N,N,N,N,N,N,N,N,N,N,N,N,N,N,N,N,N,N
206,208.0,107-10-8,n-Propylamine,-83,48.5,0.71,N,,N,N,N,N,Y,N,N,N,N,N,N,N,N,N,N,N,N,N,N,Y,N,N,N,Y,N,N,N,N,N,N,N,N,N,N,N
207,209.0,105-37-3,Ethyl propionate,-73.9,99,0.88,N,,N,N,N,N,N,N,N,N,N,N,Y,N,N,N,N,N,N,N,N,N,N,N,N,N,N,N,N,N,N,N,N,N,N,N,N
208,210.0,105-54-4,Ethyl butyrate,-98,120.9,0.87,N,,N,N,N,N,N,N,N,N,N,N,Y,N,N,N,N,N,N,N,N,N,N,N,N,N,N,N,N,N,N,N,N,N,N,N,N
209,211.0,104-51-8,Butylbenzene,-87.9,183.3,0.86,N,,N,N,N,N,N,N,N,Y,N,N,N,N,N,N,N,N,N,N,N,N,N,N,N,N,N,N,N,N,N,N,N,N,N,N,N
210,212.0,100-61-8,N-Methylaniline,-57,195.9,0.982,N,,N,N,N,N,N,N,Y,Y,N,N,N,N,N,N,N,N,N,N,N,Y,N,N,N,N,N,N,N,N,N,N,N,N,N,N,N
211,213.0,103-69-5,N-Ethylaniline,-63.5,204.9,0.96,N,,N,N,N,N,N,N,Y,Y,N,N,N,N,N,N,N,N,N,N,N,Y,N,N,N,N,N,N,N,N,N,N,N,N,N,N,N
212,214.0,100-46-9,Benzylamine,-46,184.5,0.98,N,,N,N,N,N,Y,N,N,Y,N,N,N,N,N,N,N,N,N,N,N,Y,N,N,N,Y,N,N,N,N,N,N,N,N,N,N,N
213,215.0,100-41-4,Ethylbenzene,-95,136.2,0.863,N,,N,N,N,N,N,N,N,Y,N,N,N,N,N,N,N,N,N,N,N,N,N,N,N,N,N,N,N,N,N,N,N,N,N,N,N
214,216.0,98-82-8,Iso-propylbenzene,-96,152.4,0.857,N,2,N,N,N,N,N,N,N,Y,N,N,N,N,N,N,N,N,N,N,N,N,N,N,N,N,N,N,N,N,N,N,N,N,N,N,N
215,217.0,98-01-1,Furfural,-36.5,161.7,1.15,Y,,N,N,N,N,N,N,N,Y,N,N,N,N,N,N,N,N,Y,N,N,N,N,N,N,N,N,N,N,N,N,N,N,N,N,N,N
216,218.0,96-37-7,Methylcyclopentane,-142.4,71.9,0.74,N,,N,N,N,N,N,N,N,N,N,N,N,N,N,N,N,Y,N,N,N,N,N,N,N,N,N,N,N,N,N,N,N,N,N,N,N
217,219.0,93-58-3,Methyl benzoate,-12.4,199.1,1.084,N,,N,N,N,N,N,N,N,Y,N,N,Y,N,N,N,N,N,N,N,N,N,N,N,N,N,N,N,N,N,N,N,N,N,N,N,N
218,220.0,79-46-9,2-Nitropropane,-103.4,131.2,0.983,N,,N,N,N,N,N,N,N,N,N,N,N,N,N,N,N,N,N,N,Y,N,N,N,N,N,N,N,N,N,N,N,N,N,N,N,N
219,221.0,79-34-5,"1,1,2,2-Tetrachloroethane",-42.5,146.3,1.587,N,,N,N,N,N,N,N,N,N,N,Y,N,N,N,Y,N,N,N,N,N,N,N,N,N,N,N,N,N,N,N,N,N,N,N,N,N
220,222.0,79-31-2,Iso-butyric acid,-46,154.7,0.94,,,Y,N,N,N,N,N,N,N,N,N,N,N,N,N,N,N,N,N,N,N,N,N,N,N,N,N,N,N,N,N,N,N,N,N,N
221,223.0,79-24-3,Nitroethane,-89.5,114,1.045,N,,N,N,N,N,N,N,N,N,N,N,N,N,N,N,N,N,N,N,Y,N,N,N,N,N,N,N,N,N,N,N,N,N,N,N,N
222,224.0,79-00-5,"1,1,2-Trichloroethane",-35.5,113.8,1.432,N,,N,N,N,N,N,N,N,N,N,Y,N,N,N,Y,N,N,N,N,N,N,N,N,N,N,N,N,N,N,N,N,N,N,N,N,N
223,225.0,78-81-9,Iso-Butylamine,-84.6,67.7,0.73,,,N,N,N,N,Y,N,N,N,N,N,N,N,N,N,N,N,N,N,N,Y,N,N,N,Y,N,N,N,N,N,N,N,N,N,N,N
224,226.0,76-01-7,Pentachloroethane,-29,159.9,1.673,N,,N,N,N,N,N,N,N,N,N,Y,N,N,N,Y,N,N,N,N,N,N,N,N,N,N,N,N,N,N,N,N,N,N,N,N,N
225,227.0,75-64-9,tert-Butylamine,-67,44.4,0.69,Y,,N,N,N,N,Y,N,N,N,N,N,N,N,N,N,N,N,N,N,N,Y,N,N,N,Y,N,N,N,N,N,N,N,N,N,N,N
226,228.0,75-31-0,iso-Propylamine,-95.2,32.4,0.68,Y,,N,N,N,N,Y,N,N,N,N,N,N,N,N,N,N,N,N,N,N,Y,N,N,N,Y,N,N,N,N,N,N,N,N,N,N,N
227,229.0,57-55-6,Propylene glycol,-60,187.3,1.03,Y,,N,Y,N,N,N,N,N,N,N,N,N,N,N,N,N,N,N,N,N,N,N,N,N,N,N,N,N,N,N,N,N,N,N,N,N
228,230.0,142-68-7,Tetrahydropyran,-49,88,0.882,N,,N,N,N,N,N,N,N,N,N,N,N,Y,N,N,N,N,N,N,N,N,N,N,N,N,N,N,N,N,N,N,N,N,N,N,N
229,231.0,623-84-7,"1,2-Diacetoxypropane",-31,186,1.06,N,,N,N,N,N,N,N,N,N,N,N,Y,N,N,N,N,N,N,N,N,N,N,N,N,N,N,N,N,N,N,N,N,N,N,N,N
230,253.0,623-84-7,,-31,186,1.06,N,,N,N,N,N,N,N,N,N,N,N,Y,N,N,N,N,N,N,N,N,N,N,N,N,N,N,N,N,N,N,N,N,N,N,N,N
231,232.0,111109-77-4,Propylene glycol dimethyl ether,,,0.953,N,,N,N,N,N,N,N,N,N,N,N,N,Y,N,N,N,N,N,N,N,N,N,N,N,N,N,N,N,N,N,N,N,N,N,N,N
232,233.0,1087696-49-8,Cyrene,-18,203,1.25,Y,,N,N,N,N,N,N,N,N,N,N,N,Y,N,N,N,N,Y,N,N,N,N,N,N,N,N,N,N,N,N,N,N,N,N,N,N
233,234.0,22699-70-3,(Trifluoromethoxy)benzene,,103,1.226,N,,N,N,N,N,N,N,N,Y,N,N,N,Y,Y,Y,N,N,N,N,N,N,N,N,N,N,N,N,N,N,N,N,N,N,N,N,N
234,235.0,109-02-4,N-Methylmorpholine,-65,117,0.92,Y,,N,N,N,N,Y,N,N,N,N,N,N,Y,N,N,N,N,N,N,N,Y,N,N,N,N,N,N,N,N,N,N,N,N,N,Y,N
235,236.0,34885-03-5,4-Methylcyclohexanemethanol,,202,0.907,N,,N,Y,N,N,N,N,N,N,N,N,N,N,N,N,N,N,N,N,N,N,N,N,N,N,N,N,N,N,N,N,N,N,N,N,N
236,237.0,107-46-0,Hexamethyldisiloxane,-68,100.5,0.76,N,,N,N,N,N,N,N,N,N,N,N,N,N,N,N,N,N,N,N,N,N,N,N,N,N,N,N,Y,N,N,N,N,N,N,N,N
237,238.0,107-51-7,Octamethyltrisiloxane,-82,153,0.82,N,,N,N,N,N,N,N,N,N,N,N,N,N,N,N,N,N,N,N,N,N,N,N,N,N,N,N,Y,N,N,N,N,N,N,N,N
238,239.0,141-62-8,Decamethyltetrasiloxane,-68,194,0.854,N,,N,N,N,N,N,N,N,N,N,N,N,N,N,N,N,N,N,N,N,N,N,N,N,N,N,N,Y,N,N,N,N,N,N,N,N
239,240.0,104986-37-0,Octamethylcyclotetrasiloxane,17.7,175,0.95,N,,N,N,N,N,N,N,N,N,N,N,N,N,N,N,N,N,N,N,N,N,N,N,N,N,N,N,Y,N,N,N,N,N,N,N,N
240,241.0,541-02-6,Decamethylcyclopentasiloxane,-38,370.8,0.95,N,,N,N,N,N,N,N,N,N,N,N,N,N,N,N,N,N,N,N,N,N,N,N,N,N,N,N,Y,N,N,N,N,N,N,N,N
241,242.0,112-34-5,Butyl carbitol,-68,230,0.952,N,,N,Y,N,N,N,N,N,N,N,N,N,Y,N,N,N,N,N,N,N,N,N,N,N,N,N,N,N,N,N,N,N,N,N,N,N
242,243.0,112-59-4,Hexyl carbitol,-34,254,0.932,N,,N,Y,N,N,N,N,N,N,N,N,N,Y,N,N,N,N,N,N,N,N,N,N,N,N,N,N,N,N,N,N,N,N,N,N,N
243,244.0,111-77-3,Methyl carbitol,-69,194,1.022,Y,,N,Y,N,N,N,N,N,N,N,N,N,Y,N,N,N,N,N,N,N,N,N,N,N,N,N,N,N,N,N,N,N,N,N,N,N
244,245.0,111-90-0,Carbitol,-43,201,0.989,,,N,Y,N,N,N,N,N,N,N,N,N,Y,N,N,N,N,N,N,N,N,N,N,N,N,N,N,N,N,N,N,N,N,N,N,N
245,246.0,124-17-4,Butyl carbitol acetate,-32,246.7,0.977,N,,N,N,N,N,N,N,N,N,N,N,Y,Y,N,N,N,N,N,N,N,N,N,N,N,N,N,N,N,N,N,N,N,N,N,N,N
246,247.0,2807-30-9,Propyl cellosolve,-90,150,0.913,,,N,Y,N,N,N,N,N,N,N,N,N,Y,N,N,N,N,N,N,N,N,N,N,N,N,N,N,N,N,N,N,N,N,N,N,N
247,248.0,112-07-2,Butyl cellosolve acetate,-64,191.7,0.942,,,N,N,N,N,N,N,N,N,N,N,Y,Y,N,N,N,N,N,N,N,N,N,N,N,N,N,N,N,N,N,N,N,N,N,N,N
248,249.0,111-76-2,Butyl cellosolve,-77,171,0.902,,,N,Y,N,N,N,N,N,N,N,N,N,Y,N,N,N,N,N,N,N,N,N,N,N,N,N,N,N,N,N,N,N,N,N,N,N
249,250.0,29911-27-1,1-(1-{ropoxypropan-2-yloxy)propan-2-ol,-75,213,0.911,,,N,Y,N,N,N,N,N,N,N,N,N,Y,N,N,N,N,N,N,N,N,N,N,N,N,N,N,N,N,N,N,N,N,N,N,N
250,251.0,122-99-6,2-Phenoxyethanol,15,244,1.11,,,N,Y,N,N,N,N,N,N,N,N,N,Y,N,N,N,N,N,N,N,N,N,N,N,N,N,N,N,N,N,N,N,N,N,N,N
251,252.0,108-65-6,1-Methoxy-2-propanol acetate,-66,146,0.968,,,,,,,,,,,,,,,,,,,,,,,,,,,,,,,,,,,,,
252,255.0,5131-66-8,3-Butoxypropan-2-ol,-80,171,0.879,,,N,Y,N,N,N,N,N,N,N,N,N,Y,N,N,N,N,N,N,N,N,N,N,N,N,N,N,N,N,N,N,N,N,N,N,N
253,256.0,1569-01-3,1-Propoxy-2-propanol,-80,149,0.885,,,N,Y,N,N,N,N,N,N,N,N,N,Y,N,N,N,N,N,N,N,N,N,N,N,N,N,N,N,N,N,N,N,N,N,N,N
254,257.0,770-35-4,Propylene glycol phenyl ether,19,243,1.063,,,N,Y,N,N,N,N,N,N,N,N,N,Y,N,N,N,N,N,N,N,N,N,N,N,N,N,N,N,N,N,N,N,N,N,N,N
255,258.0,25498-49-1,Tripropylene glycol methyl ether,-78,243,0.966,,,N,Y,N,N,N,N,N,N,N,N,N,Y,N,N,N,N,N,N,N,N,N,N,N,N,N,N,N,N,N,N,N,N,N,N,N
256,259.0,55934-93-5,Tripropylene glycol n-butyl ether,-75,274,0.93,,,N,Y,N,N,N,N,N,N,N,N,N,Y,N,N,N,N,N,N,N,N,N,N,N,N,N,N,N,N,N,N,N,N,N,N,N
257,260.0,34590-94-8,Dipropylene glycol methyl ether,-83,190,0.953,Y,,N,Y,N,N,N,N,N,N,N,N,N,Y,N,N,N,N,N,N,N,N,N,N,N,N,N,N,N,N,N,N,N,N,N,N,N
258,261.0,88917-22-0,Dipropylene glycol methyl ether acetate,-25,209,0.979,,,N,N,N,N,N,N,N,N,N,N,Y,Y,N,N,N,N,N,N,N,N,N,N,N,N,N,N,N,N,N,N,N,N,N,N,N
259,262.0,29911-28-2,Dipropylene glycol n-butyl ether,-75,230,0.911,,,N,Y,N,N,N,N,N,N,N,N,N,Y,N,N,N,N,N,N,N,N,N,N,N,N,N,N,N,N,N,N,N,N,N,N,N
260,263.0,104-76-7,2-Ethylhexanol,-70,184.6,0.692,,,N,Y,N,N,N,N,N,N,N,N,N,N,N,N,N,N,N,N,N,N,N,N,N,N,N,N,N,N,N,N,N,N,N,N,N
261,264.0,137-32-6,2-Methyl Butanol,,128.7,0.681,N,,N,Y,N,N,N,N,N,N,N,N,N,N,N,N,N,N,N,N,N,N,N,N,N,N,N,N,N,N,N,N,N,N,N,N,N
262,265.0,108-11-2,Methyl isobutyl carbinol,,131.7,0.671,N,,N,Y,N,N,N,N,N,N,N,N,N,N,N,N,N,N,N,N,N,N,N,N,N,N,N,N,N,N,N,N,N,N,N,N,N
263,266.0,106-36-5,n-Propyl propionate,-75.9,122.4,0.732,N,,N,N,N,N,N,N,N,N,N,N,Y,N,N,N,N,N,N,N,N,N,N,N,N,N,N,N,N,N,N,N,N,N,N,N,N
264,267.0,763-69-9,Ethyl 3-ethoxypropionate,,169.7,0.789,N,,N,N,N,N,N,N,N,N,N,N,Y,Y,N,N,N,N,N,N,N,N,N,N,N,N,N,N,N,N,N,N,N,N,N,N,N
265,268.0,25265-77-4,"2,2,4-Trimethyl-1,3-pentanediol 1-isobutyrate",,255,0.787,N,,N,Y,N,N,N,N,N,N,N,N,Y,N,N,N,N,N,N,N,N,N,N,N,N,N,N,N,N,N,N,N,N,N,N,N,N
266,269.0,624-54-4,n-Pentyl propionate,,165,0.726,N,,N,N,N,N,N,N,N,N,N,N,Y,N,N,N,N,N,N,N,N,N,N,N,N,N,N,N,N,N,N,N,N,N,N,N,N
267,270.0,143-22-6,Butoxytriglycol,-39,283,0.822,N,,N,Y,N,N,N,N,N,N,N,N,N,Y,N,N,N,N,N,N,N,N,N,N,N,N,N,N,N,N,N,N,N,N,N,N,N
268,272.0,102-76-1,Triacetin,4.1,258,1.155,N,,N,N,N,N,N,N,N,N,N,N,Y,N,N,N,N,N,N,N,N,N,N,N,N,N,N,N,N,N,N,N,N,N,N,N,N
